ISO_Code,pca_0,pca_1,pca_2,pca_3,pca_4,pca_5,pca_6,pca_7,pca_8,pca_9,pca_10,pca_11,pca_12,pca_13,pca_14,pca_15,pca_16,pca_17,pca_18,pca_19,S_SOV,S_SVO,S_VSO,S_ADPOSITION_BEFORE_NOUN,S_ADPOSITION_AFTER_NOUN,S_CASE_SUFFIX,S_ADJECTIVE_BEFORE_NOUN
bul,3.163265608482795,-4.205690110426721,1.0575755617077551,3.4451678694016556,-2.439516074249754,3.6352891625864583,3.405982371990254,-1.8472415778630886,-4.539237477108106,-0.12562659588609557,6.521214424533282,0.5872456765447,-3.6009133059701837,-0.9491772689274892,0.6929246576785324,-3.6423349816027963,1.5653385996201494,-1.6450673393871416,0.5141093181581403,6.425346357908849,0.0,1.0,0.0,1.0,0.0,0.0,1.0
ces,0.07108826776726228,-7.827187276403992,-2.0529737786273823,-0.9923767857556928,-1.0383095322009495,-8.891004612685242,-5.715383617342409,-10.674855763955193,23.25983285974813,3.870468659151686,-2.708773177017357,-3.4364413241143765,-3.6835157012531634,2.895132814169359,-1.484753035054696,3.4211418951051837,-3.545841291091031,0.7861658615257789,1.691671814035815,2.069853141009042,0.0,1.0,0.0,1.0,0.0,1.0,1.0
cmn,1.8052164845542906,-4.052617954853489,-4.387530050521342,-0.7554545738527514,-5.07798160178551,2.076889784318152,-3.2084110824597847,2.7399749394013853,-0.7295140613371126,0.2969810713470351,-10.734780485681126,3.023201231131732,4.927636960207742,9.26031144337433,2.730985819025551,-5.784005004280959,8.029964686888139,-4.1969973926083535,2.778349122924486,-0.04240185529581173,0.0,1.0,0.0,1.0,1.0,0.0,1.0
dan,3.437413982861504,-1.808198033530479,-1.9614297966427134,-0.6826993366644165,-2.0014138692906687,-0.5759571953702347,7.770784259003761,2.8157278964610093,-1.6740725496140079,0.6004268528311436,-3.345631954835616,1.0595967074085064,-4.928775015718468,5.844678216377637,2.793654004008268,4.699473501298023,3.0522520655614596,1.5271522055424265,-5.6083145774651255,5.864352639820232,0.0,1.0,0.0,1.0,0.0,1.0,1.0
deu,3.183554793788724,-2.6194072087633193,-0.8267977417230271,-2.224415980324402,-2.6111056138519557,-0.15333949342431274,3.862714671123435,1.4550182487794596,-0.554470356211365,2.5116729173694963,-3.416628861701173,1.1541359509320115,-0.4516709028201564,-0.6328947262614707,2.9190263826253364,4.579721251675091,3.1556656563789933,0.3468497098104863,5.271517092649912,-8.117260304579352,1.0,1.0,0.0,1.0,0.0,1.0,1.0
eng,-30.799903656833223,15.215242017391096,1.6267851747235333,-1.1107013978442617,0.01028512563248284,-8.120661422859913,1.9537602983630877,-1.7304817099344385,-0.04644182941862096,-7.660628292846369,0.5072081975553349,4.751920699210017,-10.893845446939302,2.95717653081082,4.409683561375265,-6.344172984551478,-0.9980369815613694,-0.03653486107361037,1.8629507379348689,-1.8471673892155631,0.0,1.0,0.0,1.0,0.0,0.0,1.0
est,4.771152968173484,-2.8704350563770444,12.37723421741574,-26.161819328869903,16.02666054313377,7.848046336338056,-1.2129507609681802,0.774159684286449,2.667992800401235,-6.899592729562913,1.0650906566867289,0.15177694984136947,0.4541510897433994,1.4851306856088775,-1.7757604476267812,-2.5553489227384376,0.5695471787133755,0.38369748688156985,1.867556333199535,-0.23763573429402354,0.0,1.0,0.0,0.0,1.0,1.0,1.0
eus,24.988903720782783,35.690313499734195,6.322030534425584,4.166135999636628,0.5457422593494481,-3.0452122047257597,-1.555165345783693,-1.2154893343183486,2.368152213490959,0.2541079263301109,-1.7271643895836593,-2.083206640069509,-0.9088883406041207,0.5199292683704676,-0.4052278210923001,-0.4011858321967702,0.9214157404437563,0.46625801017123103,1.2292966811433756,0.24804189378794236,1.0,0.0,0.0,0.0,1.0,0.0,0.0
fas,-0.3921951227227881,-0.9283218022070752,-4.891153120492178,-0.17022140367071514,0.07978817208625542,3.9802356629239326,1.3881355328534808,1.371440709153699,-1.745671595612898,1.9209175136946888,2.1917397670405863,-5.672636262593168,-0.19072971300869201,-0.25755730238661567,-0.8764320168221705,-0.3807329003349577,-4.742973565485369,9.190872535451092,-1.9681697448709026,-13.96610787263509,1.0,0.0,0.0,1.0,0.0,0.0,0.0
fin,0.27756192984414163,0.5807953277147019,-1.2449583631351755,-3.9713454324543864,2.980997428472863,2.004688886461995,0.032255333970463644,1.5951723970007348,-3.3011277308347466,0.7365140644290946,-7.1874491521413555,-0.6527906476172206,-3.579688733204104,-6.758666720051194,-1.541313590960706,3.3633522020103457,-10.439872127359287,-9.32854835951589,-8.231634138312147,2.1628980332772887,0.0,1.0,0.0,0.0,1.0,1.0,1.0
fra,-3.71683752177632,3.11329448247216,-13.681772526599717,6.1593608730823854,11.403791698117033,-0.46794469380339515,-2.6950366259192133,0.22232284012463585,2.979763459824488,-7.493825867821049,-8.565594965606548,11.25156348703315,5.6152742396545285,-8.676759489328507,-5.9998423027998795,0.7334033874121919,2.5932128528251015,4.818465421229949,-4.310740610227581,0.33279190466606845,0.0,1.0,0.0,1.0,0.0,0.0,0.0
heb,3.5682578986929325,-1.200901261585713,-1.6829691000148272,-2.2175368162650435,-3.8584720230052536,1.5980114167631072,-1.4086059848143089,0.6981499681820421,0.9796744963141071,1.0718963202208127,2.157352284835939,-0.04572970945763024,1.1437256028860463,-0.5596228154569342,3.9698087162754687,-2.0705252396294966,-3.242256422183904,4.8437786200681785,-0.13412000119444217,-0.8189273461196503,0.0,1.0,0.0,1.0,0.0,0.0,0.0
hin,-0.13718903522660136,-0.856659883295304,-9.072260464605042,3.790781295172576,-6.4903891866675085,3.2451204007709746,-2.546396965383792,5.211019866410813,2.1935922740427105,-18.52378960675733,4.073096653781675,-16.217637126264336,1.0449276120648525,2.161984155917568,-1.4458939137106686,1.8025260113450392,0.40328212966666466,-2.7113405668319572,-2.3100879939537657,0.9618361927785924,1.0,0.0,0.0,0.0,1.0,1.0,1.0
hun,3.2344852953167993,-0.13655402657829008,0.411666588579211,-1.6734663755625505,-3.4203446182571886,-0.14826665560985133,2.285804734405702,2.4857627333914905,-0.16887058731468413,2.911876836856273,0.22020967736228783,4.84031611656204,-0.3968934005564374,3.289872214947251,2.8874945853240006,1.6046736003922615,-4.786922491526472,-11.75969160264196,-3.32604569861617,-6.948101072887628,1.0,1.0,0.0,0.0,1.0,1.0,1.0
ind,1.0999374019256516,0.1596852472568655,-3.3930951472908983,0.01126377533560909,-7.293027895644883,4.457965286415424,1.7747458581729345,4.7833336849462595,-1.9130341856582391,1.9505027568151176,-0.42688608917168613,3.089626950480644,3.6688604453072133,0.27446179164065254,-1.9053179019939124,-6.445931168875288,-14.418562948922185,4.893122453536345,8.14225006479191,7.090417508391355,0.0,1.0,0.0,1.0,0.0,0.0,0.0
ita,-0.26351662658024133,0.396600994143124,-0.18308583440277396,-1.8707698751849255,0.9495502070573463,-7.843355769010179,7.952606472538624,-2.9834430946337225,3.3353829529169468,-1.5055513681509936,7.136331145483927,1.413655427730783,12.113702800922082,-7.201647259909898,15.456802846936275,1.3704665472950588,-0.10017476480007775,-0.5662208914362793,-1.781497397113221,1.2953534994320945,0.0,1.0,0.0,1.0,0.0,0.0,0.0
kor,2.927277212801816,-1.1905429707149617,-3.4355241348189676,-2.006272441152036,-7.003156048893941,4.040655638816682,-1.9310860063306277,0.6503204910295369,0.18791304816621393,-0.4022387743736615,-7.830505290676951,1.1545218476191375,1.2061158801422676,1.2174891553173994,0.2993519261372878,-6.299584489518134,1.7339938139593178,0.644479311621781,-1.8882092609083354,-0.3393646279403266,1.0,0.0,0.0,0.0,1.0,1.0,1.0
lav,-1.9528956789006173,-8.495182656920015,23.676457666498205,20.488765563081888,4.405927954694873,11.858070407404423,7.20883667113471,-2.6428474286298553,5.132250252132906,-4.037655788351509,-3.5070116606428257,0.42538058936420564,0.2663250337799143,-0.9483764879116708,0.500052865499017,-1.6924906427693631,-0.34967898479121234,0.05856290190782962,-0.14647433776988159,-1.312095428669678,0.0,1.0,0.0,1.0,0.0,1.0,1.0
lit,0.05344125767070117,-7.834430495020302,13.582335978076225,4.078232462630764,3.2814183685447866,-19.857734839434627,-10.510680198229268,18.825907768443074,-3.3403754431640142,1.0736822791154121,-0.4504610068033566,-1.555958272790071,1.051230229339146,-0.8318278859442142,-1.756700373826156,0.9558017587470661,-0.21319928663227228,1.7640706112632425,0.3076516940546907,0.38077383599341214,0.0,1.0,0.0,1.0,0.0,1.0,1.0
nld,0.6552806820087557,-2.532783035538848,-3.9794924690317854,-0.20556062446176862,-1.6585494761617885,-0.73479624842009,6.712232632801384,0.8278437077167937,-2.189233510246784,-3.874278940256899,-1.3147565219931723,1.9942978108831246,-2.915238204938014,-5.73873128630476,-3.9742686051416047,10.054293435623894,1.8624708630368882,-4.397436603163684,14.736841697549497,-0.3038498198677659,1.0,1.0,0.0,1.0,0.0,0.0,1.0
nob,2.9133282435306738,-1.5538254329384276,0.5531344778188121,-2.386255547924945,0.07389077185884976,2.644248551961156,4.968670596076051,0.9892597111313892,-3.2023018242689534,1.4517246838941882,2.988395670186988,1.6483478029849785,-8.117128874105966,1.4333208370776371,-0.2371939086044882,5.543096775676892,1.832901902718447,6.6823482528277,-3.5744810974404784,2.7970478351102415,0.0,1.0,0.0,1.0,0.0,1.0,1.0
pol,0.2632961247787585,-2.766721546466194,-3.731064878807105,1.333832965138093,3.47882468745787,-3.297804816548625,2.7878155934608984,-3.6558980009578153,-1.5979964564709284,9.57402968107742,1.415816618664538,-8.84808254788117,-6.072098617942082,-10.610803773810614,-4.740618232068622,-10.668291187998657,4.816112699480069,-3.9845629951807795,0.30647003911035603,-1.2705107971061937,0.0,1.0,0.0,1.0,0.0,1.0,1.0
por,3.0187571800829627,-3.064881076189563,-0.8360102984868772,1.1512613126003763,-3.516427248652663,-2.654391352432662,0.9525957237607332,-0.2905870911716866,4.448712138151304,0.6525886189737933,13.444778612947761,9.96989607239723,3.0281494263122006,5.964979403119215,-10.244902727994365,-2.17451490620841,0.8941982083534992,-3.2636241787235543,-3.486960176306757,-1.572342780130928,0.0,1.0,0.0,1.0,0.0,0.0,0.0
ron,-3.8433376533285615,2.0212860234000116,-10.982176376243682,10.394394391236862,21.33940363399798,7.080438139789332,-10.444299324537182,0.2990884751700083,-3.241674208661854,6.45006944614846,6.218666235274571,-2.09765683198296,0.6575169127673078,7.452477862453835,4.8473525300124045,2.029824697674537,-1.4595554497908794,-3.033852149122328,3.8347802372887605,1.1413060492372271,0.0,1.0,0.0,1.0,0.0,1.0,0.0
rus,1.5910091883970676,-2.92943440933662,-2.3852071938175112,1.0417259153821827,-3.6075313099051725,-0.14944220612429898,2.0199659689986214,1.1950835697416868,0.33123684247747065,1.867597075528782,-2.6828804406589395,0.005708111097585701,1.7995361667048533,1.855246565352056,0.2694397475554002,-2.259335417727177,-0.052064821593690046,0.4628264298873343,-0.3583556470496635,-3.174531004144351,0.0,1.0,0.0,1.0,0.0,1.0,1.0
slv,2.2179629638282874,-5.666190910695748,4.885143063788548,0.23221953298435552,0.4782935649062544,-10.914302339609712,-3.6417872881096387,-21.05716403934346,-15.888374340515844,-3.879369616909279,-3.507797167421156,-2.5422132004342117,4.538704261807585,4.568673590842951,-3.0278642282310924,1.7026121809420323,-2.6331095294972036,1.431022689651814,-0.2786886150409894,-0.1223038110490902,0.0,1.0,0.0,1.0,0.0,1.0,1.0
spa,2.0313382232619066,0.9162748545821658,-1.9806934730830699,-0.3386192656403479,-0.8246043013652916,-2.2077581094942427,5.028669048917529,-0.34710413457626393,-1.042369264678289,-1.3878092535866207,9.725638786478036,2.3902634367567184,2.8281429243049483,-1.3695056490716913,-5.063541541555685,-1.6454243444011964,3.8690578298995955,-0.18523793256256177,-0.19523653523763976,0.5657346891257335,0.0,1.0,0.0,1.0,0.0,0.0,0.0
swe,0.6110401243077919,-1.836802841115999,-3.19388446813908,0.30548240203304894,1.1147775555059143,0.008371916809235035,5.225334568304498,1.7816581504666056,-1.6643630010605281,5.209831097658319,-1.0718318349806717,0.6179389186845594,-5.67889228484239,3.1698837435040335,0.8496727288587961,5.22046905246912,1.4711135591296745,4.90428701751311,-3.165490541483577,1.992500357729746,0.0,1.0,0.0,1.0,0.0,0.0,1.0
tam,1.3833323701345697,-2.681777404634085,3.93247387586192,-1.2361720396412221,-11.76882488352717,8.856951380485695,-22.11170247552175,-3.783162528249849,-1.8903708187240247,-0.46508860691082904,4.479383538712708,5.72242476691134,-5.192305615524814,-7.975917141320352,5.116712356090464,2.3175876829998705,3.4631123371030923,0.8349638051979437,-0.46151701418098523,0.23938863724509682,1.0,0.0,0.0,0.0,1.0,1.0,1.0
tur,-24.932599215828443,13.320966011271837,7.596160326560836,-4.307099641595122,-6.54992810683305,7.219148399452148,-1.304631995000288,0.47327597988330844,0.15635505803535332,9.732995609096452,-0.5896474490778323,-5.718431528486262,10.590191916482429,-0.09115907774996028,-6.244248373919034,6.780579323213018,2.6923057057263504,-0.21655970862822588,-1.4416482858100195,2.231530180811682,1.0,0.0,0.0,0.0,1.0,1.0,1.0
ukr,-1.2284274117968548,-4.355913064373981,-2.118918248973196,-4.287837490851946,2.9902298194770114,-1.4921594117436197,2.955227334523939,1.0337538819133507,0.6886408451991759,4.1175720308752695,-3.077121821550931,-6.381034461882918,1.6763926550013655,-1.7481013944487427,2.9809162940001044,-3.815145281046459,4.056302835730391,1.2867512567885377,0.12422684014035314,4.273427087610861,0.0,1.0,0.0,1.0,0.0,1.0,1.0
